id_unidade;nome;latitude;longitude;total_retirado
337;UBS SÉ;-23,551244;-46,628102;2271650
73;UBS BURGO PAULISTA;-23,523251;-46,490492;2212425
410;UBS VILA PRUDENTE;-23,581974;-46,583095;1281324
367;UBS VILA DAS MERCÊS;-23,629575;-46,604935;1163576
324;UBS SANTA CECÍLIA - DR HUMBERTO PASCALE;-23,531812;-46,652206;1162038
170;UBS JARDIM ELEDY;-23,654763;-46,784546;1067164
345;UBS VERA CRUZ - DR FERNANDO PROENÇA DE GOUVEA;-23,734693;-46,781399;1037195
440;UPA VERA CRUZ;-23,734693;-46,781399;1036453
206;UBS JARDIM MIRIAM II;-23,678943;-46,64006;1021379
126;UBS ERMELINO MATARAZZO;-23,488976;-46,476551;1004150
11;AMA/UBS JARDIM CASTRO ALVES - DRA MARIA CRISTINA F;-23,742542;-46,686385;981415
33;AMA/UBS PARQUE FERNANDA;-23,675866;-46,792143;941536
47;AMA/UBS VILA ORATÓRIO - DR. TITO PEDRO MASCELANI;-23,574095;-46,55899;923684
8;AMA/UBS JARDIM BRASIL;-23,486074;-46,576754;898734
202;UBS JARDIM MAIA;-23,492313;-46,41572;871151
39;AMA/UBS VILA ANTONIETA;-23,573376;-46,51582;852903
420;UBS VILA SANTANA;-23,525283;-46,44572;831122
18;AMA/UBS JARDIM LADEIRA ROSA;-23,460809;-46,673366;808911
214;UBS JARDIM ORION/GUANHEMBU;-23,727229;-46,68573;802583
158;UBS JARDIM COMERCIAL;-23,671608;-46,77954;801231
259;UBS JOSE BONIFACIO III - DRA. LUCY MAYUMI UDAKIRI;-23,540462;-46,439289;798658
13;AMA/UBS JARDIM DAS OLIVEIRAS;-23,495215;-46,380446;796866
171;UBS JARDIM ELIANE;-23,75398;-46,670675;793741
155;UBS JARDIM COIMBRA;-23,678675;-46,762626;793556
200;UBS JARDIM MACEDÔNIA;-23,653206;-46,789802;785330
138;UBS INACIO MONTEIRO;-23,576502;-46,391778;776303
35;AMA/UBS PAULO VI;-23,60189;-46,795247;775543
116;UBS DR. JOSÉ TOLEDO PIZA;-23,461035;-46,583222;760969
31;AMA/UBS PARQUE BOTURUSSU PROF. DR. HUMBERTO CERRUTI;-23,502178;-46,493748;758488
76;UBS CAMBUCI;-23,569756;-46,623117;754801
300;UBS PARQUE NOVO SANTO AMARO;-23,700151;-46,782205;753816
36;AMA/UBS PERUS;-23,409546;-46,757242;751015
364;UBS VILA CURUÇÁ;-23,5023;-46,422952;749556
298;UBS PARQUE NOVO MUNDO I;-23,517898;-46,577016;747352
266;UBS MARIA CECÍLIA FERRO DONNANGELO;-23,473232;-46,683939;746440
219;UBS JARDIM PERI;-23,464226;-46,654818;743128
441;UPA VILA MARIA - DR JOSE MAURO DEL ROIO CORREA;-23,517303;-46,57732;735158
45;AMA/UBS VILA MISSIONÁRIA;-23,688981;-46,64963;733012
295;UBS PARQUE FIGUEIRA GRANDE;-23,67927;-46,74906;732096
106;UBS CUPECÊ - DR. WALDOMIRO PREGNOLATTO;-23,648111;-46,662108;724300
51;AMA/UBS VILA PREL - ANTONIO BERNARDES DE OLIVEIRA;-23,648337;-46,754124;722913
319;UBS REPÚBLICA - FERNANDA SANTE LIMEIRA;-23,547169;-46,636719;720481
207;UBS JARDIM MITSUTANI;-23,644109;-46,78064;718658
323;UBS SACOMÃ - EDMUNDO SUSSUMU FUJITA;-23,61397;-46,593917;710950
305;UBS PARQUE SANTA RITA;-23,513056;-46,413587;710061
260;UBS JOSÉ MARCÍLIO MALTA CARDOSO;-23,570193;-46,760919;709684
241;UBS JARDIM SÃO BENTO;-23,685574;-46,784452;709533
285;UBS PARELHEIROS;-23,830119;-46,727018;708248
46;AMA/UBS VILA NOVA JAGUARÉ;-23,543204;-46,744508;704027
438;UPA SACOMÃ;-23,61397;-46,593917;700944
224;UBS JARDIM ROBRU - GUAIANAZES;-23,524742;-46,418033;695558
23;AMA/UBS JARDIM SÃO JORGE - DR. PAULO EDUARDO ELIAS;-23,592622;-46,78377;695448
341;UBS UNIÃO DAS VILAS DE TAIPAS;-23,435982;-46,71802;694771
12;AMA/UBS JARDIM DA CONQUISTA III;-23,60785;-46,447629;687681
101;UBS CITY JARAGUA;-23,441771;-46,734152;685297
17;AMA/UBS JARDIM JOAMAR;-23,44883842;-46,59601224;678200
325;UBS SANTA LÚCIA;-23,688958;-46,766005;676656
320;UBS REUNIDAS I;-23,604181;-46,532643;670652
292;UBS PARQUE DOROTEIA;-23,697363;-46,648234;669377
186;UBS JARDIM ICARAI QUINTANA;-23,746157;-46,70569;668530
5;AMA/UBS DR. GERALDO DA SILVA FERREIRA;-23,652274;-46,637902;668259
222;UBS JARDIM REPÚBLICA;-23,714924;-46,687165;667890
433;UPA PARQUE DOROTEIA;-23,697373;-46,64848923;662212
427;UPA CITY JARAGUA;-23,441765;-46,733731;661602
239;UBS JARDIM SOARES;-23,553821;-46,398645;660889
286;UBS PARQUE ARARIBA;-23,638134;-46,749688;657052
301;UBS PARQUE PAULISTANO;-23,487241;-46,432214;655451
279;UBS NOVO JARDIM I;-23,666553;-46,736491;655015
362;UBS VILA CISPER;-23,489888;-46,491591;653440
92;UBS CIDADE IPAVA;-23,720343;-46,764792;651535
96;UBS CIDADE NOVA SÃO MIGUEL;-23,503639;-46,431919;650792
15;AMA/UBS JARDIM GRIMALDI;-23,591972;-46,516349;645378
344;UBS VELEIROS;-23,683051;-46,711533;643921
339;UBS THÉRSIO VENTURA;-23,503523;-46,47097;640945
203;UBS JARDIM MARACÁ;-23,671713;-46,772677;640807
83;UBS CASTRO ALVES;-23,580502;-46,404444;638249
22;AMA/UBS JARDIM SAO FRANCISCO II;-23,631224;-46,458069;636607
304;UBS PARQUE RESIDENCIAL COCAIA INDEPENDENTE;-23,744909;-46,668805;636569
44;AMA/UBS VILA MEDEIROS;-23,492496;-46,585349;635535
21;AMA/UBS JARDIM SANTO ANDRÉ;-23,630975;-46,443448;635000
253;UBS JARDIM VISTA ALEGRE - VANDA APARECIDA DOS SANTOS;-23,450181;-46,688636;633815
227;UBS JARDIM ROSELI;-23,597326;-46,439499;633761
77;UBS CAMPO GRANDE;-23,674283;-46,685167;632881
29;AMA/UBS PADRE MANOEL DA NÓBREGA;-23,544955;-46,48699;631521
312;UBS PREFEITO CELSO AUGUSTO DANIEL;-23,563461;-46,396794;630337
335;UBS SÃO MATEUS - NAIR ALVES DE REZENDE NORIMBENI;-23,59987;-46,483078;628489
199;UBS JARDIM LÍDIA;-23,666041;-46,762719;626201
356;UBS VILA CAIÚBA;-23,399928;-46,751123;625001
53;AMA/UBS VILA SONIA;-23,597638;-46,734804;621662
318;UBS RECANTO VERDE SOL;-23,617488;-46,422112;619285
307;UBS PARQUE SÃO LUCAS;-23,596283;-46,546275;619076
274;UBS NASCER DO SOL;-23,595179;-46,412514;617806
192;UBS JARDIM JAPÃO;-23,505844;-46,588065;617292
150;UBS JARDIM CAMPINAS;-23,771606;-46,712544;617193
148;UBS JARDIM BOA VISTA;-23,584116;-46,791236;616215
293;UBS PARQUE EDU CHAVES;-23,477272;-46,568751;614256
354;UBS VILA BERTIOGA - DOMINGOS DELASCIO;-23,57093;-46,575467;613593
80;UBS CARLOS GENTILE DE MELO;-23,588657;-46,396489;611030
210;UBS JARDIM NOSSA SENHORA DO CARMO;-23,577766;-46,48126;608114
9;AMA/UBS JARDIM BRASILIA;-23,554747;-46,491944;607305
417;UBS VILA SABRINA - DR. CARLOS AUGUSTO AUTRAN PEDERNEIRAS LIMA;-23,492425;-46,572817;606260
179;UBS JARDIM GUAIRACÁ;-23,599765;-46,539917;604207
121;UBS DRA. ILZA WELTMAN HUTZLER;-23,476667;-46,659038;601869
343;UBS VARGINHA;-23,78522;-46,683916;601346
315;UBS PROF. MILTON SANTOS;-23,628802;-46,646296;600427
10;AMA/UBS JARDIM CAPELA;-23,730482;-46,788771;599303
423;UBS VILA ZATT;-23,47707;-46,711546;599106
251;UBS JARDIM VALQUIRIA;-23,658143;-46,775156;595478
52;AMA/UBS VILA SILVIA;-23,491486;-46,50436;588905
50;AMA/UBS VILA PIAUÍ;-23,502392;-46,761177;587879
397;UBS VILA NATAL;-23,763955;-46,707403;582527
124;UBS ENGENHEIRO GOULART - DR. JOSÉ PIRES;-23,500315;-46,5172;582304
204;UBS JARDIM MARILIA;-23,56266;-46,492422;579262
135;UBS HUMAITÁ - DR. JOÃO DE AZEVEDO LAGE;-23,557223;-46,641943;578920
183;UBS JARDIM HELENA;-23,479272;-46,414694;578034
94;UBS CIDADE KEMEL;-23,504193;-46,366966;577128
38;AMA/UBS SÍTIO DA CASA PINTADA;-23,510046;-46,446568;576104
371;UBS VILA EMA - DR FUAD KASSAB;-23,5818209;-46,5469837;575217
6;AMA/UBS ELISIO TEIXEIRA LEITE;-23,446305;-46,714341;574598
255;UBS JAÇANÃ - DR. SEBASTIÃO GABRIEL SAYAGO DE LAET;-23,474601;-46,580464;568743
299;UBS PARQUE NOVO MUNDO II;-23,511999;-46,565792;566760
16;AMA/UBS JARDIM IPANEMA;-23,446341;-46,749058;565305
100;UBS CIDADE TIRADENTES - LUIS MARANHÃO;-23,586919;-46,406914;565201
249;UBS JARDIM TRÊS CORAÇÕES;-23,769673;-46,68463;557323
302;UBS PARQUE PERUCHE;-23,497668;-46,65475;557101
425;UBS ÁGUA FUNDA;-23,630363;-46,626056;556590
142;UBS ITAQUERA;-23,539456;-46,455397;556268
217;UBS JARDIM PARANAPANEMA;-23,69334;-46,780739;556172
421;UBS VILA SANTO ESTEVÃO - WOADY JORGE KALIL;-23,549138;-46,561071;555299
95;UBS CIDADE LIDER;-23,55418;-46,465023;555177
67;UBS BELENZINHO - MARCUS WOLOSKER;-23,537251;-46,59554;554086
396;UBS VILA MORAES - JOÃO PAULO BOTELHO VIEIRA;-23,633518;-46,612541;553916
98;UBS CIDADE PEDRO JOSE NUNES;-23,50099;-46,462421;553776
402;UBS VILA NOVA MANCHESTER - DR. ARLINDO GENNARI;-23,54651;-46,531881;552051
338;UBS TEOTONIO VILELA;-23,605914;-46,503437;550714
62;UBS ALTO DE PINHEIROS - DR SUEL ABUJAMRA;-23,537596;-46,721961;546685
162;UBS JARDIM DA CONQUISTA II;-23,606582;-46,442832;546485
342;UBS UNIÃO DE VILA NOVA;-23,483441;-46,45933;544967
378;UBS VILA GRANADA - DR ALFREDO FERREIRA PAULINO FILHO;-23,523592;-46,508683;543441
400;UBS VILA NOVA CURUÇÁ;-23,516246;-46,426579;539608
114;UBS DR. EDUARDO ROMANO RESCHILIAN;-23,638629;-46,606148;539490
34;AMA/UBS PARQUE SANTO ANTONIO;-23,657198;-46,755887;538504
37;AMA/UBS SÃO VICENTE DE PAULA;-23,590937;-46,608997;538434
193;UBS JARDIM JAQUELINE;-23,594884;-46,75181;538027
1;AMA/UBS AGUIA DE HAIA;-23,522049;-46,469253;537866
240;UBS JARDIM SOUZA;-23,688776;-46,748299;537355
108;UBS DOM JOÃO NERY;-23,522795;-46,399815;536902
131;UBS GUAIANASES II;-23,545666;-46,41555;536404
151;UBS JARDIM CAMPOS;-23,512347;-46,408978;535879
43;AMA/UBS VILA IMPÉRIO;-23,672923;-46,649436;535842
7;AMA/UBS JARDIM ALFREDO;-23,681717;-46,738937;533540
20;AMA/UBS JARDIM PAULISTANO;-23,4614893;-46,7090157;533362
136;UBS IAÇAPE - JARDIM PLANALTO;-23,610489;-46,509843;532449
294;UBS PARQUE ENGENHO II;-23,661211;-46,785958;532396
49;AMA/UBS VILA PEREIRA BARRETO;-23,487789;-46,713389;532204
250;UBS JARDIM UMUARAMA;-23,661943;-46,669702;528684
368;UBS VILA DIONISIA;-23,46509;-46,661781;527943
41;AMA/UBS VILA CALIFORNIA - ZEILIVAL BRUSCAGIN;-23,605165;-46,555188;525721
376;UBS VILA FORMOSA I - DR. ANTONIO DA SILVEIRA E OLIVEIRA;-23,562265;-46,552358;525173
2;AMA/UBS AMERICANOPOLIS;-23,664974;-46,644203;524442
189;UBS JARDIM IPORÃ;-23,7832688;-46,7125378;523409
311;"UBS PONTE RASA - DR. CARLOS OLIVALDO DE SOUZA LOPES MUNIZ ";-23,515069;-46,48304;522969
78;UBS CAMPO LIMPO;-23,636955;-46,763805;522670
226;UBS JARDIM ROMANO VILA ITAIM;-23,486494;-46,392531;522391
54;AMA/UBS WAMBERTO DIAS DA COSTA;-23,468866;-46,603249;522056
347;UBS VILA ALPINA - DR. HERMINIO MOREIRA;-23,596516;-46,567697;521143
288;UBS PARQUE BOA ESPERANÇA;-23,594938;-46,448577;520295
154;UBS JARDIM CLIPER - ROCILDA SOARES ALVES SILVA;-23,723518;-46,70575;519382
174;UBS JARDIM ETELVINA;-23,530377;-46,421666;519078
191;UBS JARDIM IVA;-23,584218;-46,516647;519065
190;UBS JARDIM IV CENTENÁRIO;-23,590095;-46,499921;517595
146;UBS JARDIM AURORA;-23,536433;-46,417627;517275
360;UBS VILA CARRÃO - DR. ADHEMAR MONTEIRO PACHECO;-23,553041;-46,52458;516626
209;UBS JARDIM NITERÓI;-23,682603;-46,667903;515843
87;UBS CHÁCARA DO CONDE;-23,77085;-46,705176;515567
284;UBS PARAISÓPOLIS III;-23,617073;-46,719822;515041
276;UBS NOSSA SENHORA DO BRASIL - ARMANDO DARIENZO;-23,562487;-46,649258;514546
308;UBS PARQUE SÃO RAFAEL - DRA. ORA ROSEN;-23,625432;-46,469475;513587
42;AMA/UBS VILA CLARA;-23,672351;-46,637515;512876
123;UBS ENCOSTA NORTE - LUIZ JOSE SANTOS;-23,502486;-46,380366;512352
297;UBS PARQUE MARIA DOMITILA;-23,488629;-46,738275;510964
361;UBS VILA CHABILÂNDIA;-23,537402;-46,404899;508545
409;UBS VILA PROGRESSO;-23,515171;-46,433226;506198
395;UBS VILA MARIANA - DIOGO NOMURA;-23,595626;-46,643264;504165
355;UBS VILA BORGES;-23,587241;-46,770457;503928
177;UBS JARDIM FONTALIS;-23,438958;-46,57138;503380
321;UBS REUNIDAS II;-23,604961;-46,520894;503359
27;AMA/UBS LAUZANE PAULISTA;-23,475219;-46,641714;502624
182;UBS JARDIM GUARUJÁ;-23,692477;-46,787996;502080
247;UBS JARDIM SÃO SAVÉRIO - AURELIO MELLONE;-23,657244;-46,614249;500571
316;UBS RECANTO CAMPO BELO;-23,792642;-46,738522;499461
398;UBS VILA NIVI;-23,477844;-46,587933;498738
104;UBS COSTA MELO;-23,512635;-46,514019;497462
201;UBS JARDIM MAGDALENA;-23,667016;-46,792481;496953
340;UBS TRÊS PONTES - SRA FLORISVALDA NASCIMENTO DE SOUZA;-23,480836;-46,380551;494071
256;UBS JOAQUIM ANTONIO EIRADO;-23,503558;-46,631657;493723
363;UBS VILA COSMOPOLITA;-23,565156;-46,423261;492774
133;UBS GUARANI VARGAS - ARNALDO FARIA DE SÁ;-23,633742;-46,636674;492608
32;AMA/UBS PARQUE BRISTOL;-23,649224;-46,610337;491891
261;UBS JOVA RURAL;-23,454752;-46,579719;491430
387;UBS VILA IZOLINA MAZZEI;-23,493225;-46,600931;490537
406;UBS VILA PENTEADO - FATIMA DE JESUS VIANA ROSA;-23,466897;-46,680762;485098
3;AMA/UBS ANHANGUERA;-23,489099;-46,759182;484203
245;UBS JARDIM SÃO NICOLAU;-23,529459;-46,476227;483659
221;UBS JARDIM REIMBERG - NAIR NUNES DA SILVA;-23,74966;-46,69754;483550
137;UBS IGUAÇU - MARIA JOSE MARIANO DA SILVA;-23,612971;-46,522875;481804
306;UBS PARQUE SANTO ANTONIO II;-23,661582;-46,749341;481104
313;UBS PRIMEIRO DE OUTUBRO;-23,530463;-46,397926;480211
399;UBS VILA NOSSA SENHORA APARECIDA;-23,53434;-46,442818;479565
110;UBS DONA ADELAIDE LOPES;-23,498228;-46,677682;477034
380;UBS VILA GUILHERME;-23,516271;-46,605441;476523
113;UBS DR. AUGUSTO LEOPOLDO AYROSA GALVÃO;-23,470331;-46,673908;476304
413;UBS VILA REGINA;-23,530319;-46,458847;475865
263;UBS LUAR DO SERTÃO;-23,692752;-46,794364;475559
333;UBS SÃO CARLOS - GUAIANASES;-23,557899;-46,412888;475123
411;UBS VILA RAMOS - DR. LUIZ AUGUSTO DE CAMPOS;-23,520517;-46,46385;473082
403;UBS VILA NOVA YORK;-23,578849;-46,509869;472531
442;UPA VILA MARIANA;-23,59583;-46,64269;472273
359;UBS VILA CARMOSINA;-23,549788;-46,448712;472171
14;AMA/UBS JARDIM ELBA - HUMBERTO GASTÃO BODRA;-23,621251;-46,509238;469691
55;AMA/UBS ÁGUA RASA - DR. MARCOS ANDRADE CORSATO;-23,55364;-46,58018;469313
238;UBS JARDIM SINHA;-23,593613;-46,51162;468663
405;UBS VILA PARANAGUÁ;-23,494931;-46,474236;467414
280;UBS PADRE JOSE DE ANCHIETA;-23,552425;-46,487562;467356
233;UBS JARDIM SAPOPEMBA - PROF DR HUMBERTO DELBONI FILHO;-23,611647;-46,492935;466988
218;UBS JARDIM PENHA;-23,509317;-46,497103;466123
24;AMA/UBS JARDIM TIETE I - OSCAR PEREIRA DA SILVA;-23,598728;-46,494912;465937
310;UBS PEDRO DE SOUZA CAMPOS;-23,503174;-46,483967;464685
152;UBS JARDIM CELESTE;-23,656726;-46,741376;462712
119;UBS DR. SÉRGIO CHADDAD;-23,743164;-46,711162;462598
257;UBS JORDANÓPOLIS;-23,7297666;-46,7036377;461473
275;UBS NITRO OPERÁRIA - PAULO FELDMAN;-23,494236;-46,436474;461194
230;UBS JARDIM SANTA MARIA;-23,550796;-46,505823;460880
213;UBS JARDIM OLINDA - ZELIA PEREIRA SANTOS;-23,629335;-46,754536;460239
163;UBS JARDIM DA SAÚDE - NEUSA ROSALIA MORALES;-23,612826;-46,616326;459835
389;UBS VILA JAGUARA;-23,513676;-46,746483;458306
70;UBS BRAS - DR. MANOEL SALDIVA NETO;-23,543594;-46,614772;454356
379;UBS VILA GUACURI - CICERO SERGIO CAVALCANTE;-23,702719;-46,635888;452724
63;UBS ALTO DO UMUARAMA;-23,646152;-46,772443;452561
236;UBS JARDIM SILVA TELLES;-23,500383;-46,408706;452282
418;UBS VILA SANTA CATARINA;-23,653333;-46,652384;452197
223;UBS JARDIM RINCÃO;-23,435141;-46,727753;451864
232;UBS JARDIM SAO CARLOS;-23,5088828;-46,4728396;451084
169;UBS JARDIM EDITE - GERONCIO HENRIQUE NETO;-23,613259;-46,694319;450655
105;UBS CRUZ DAS ALMAS;-23,483679;-46,703152;449860
281;UBS PARADA XV DE NOVEMBRO;-23,527374;-46,435541;449818
212;UBS JARDIM NOVO PANTANAL - PEDREIRA;-23,699508;-46,64017;449271
242;UBS JARDIM SÃO BERNARDO;-23,753871;-46,698509;448170
377;UBS VILA FORMOSA II;-23,569378;-46,539056;447453
208;UBS JARDIM NAKAMURA;-23,698963;-46,773577;447296
346;UBS VILA ALBERTINA - DR OSVALDO MARÇAL;-23,449162;-46,610174;444955
375;UBS VILA FORMOSA - COMENDADOR JOSÉ GONZALEZ;-23,570168;-46,534689;444395
407;UBS VILA PIRITUBA;-23,482599;-46,747013;443074
317;UBS RECANTO DOS HUMILDES;-23,41516;-46,751496;442815
391;UBS VILA MAGGI;-23,455517;-46,716436;441248
401;UBS VILA NOVA GALVÃO - SÔNIA REGINA CAMPANELLI;-23,451464;-46,572609;439936
264;UBS LUIZ ERNESTO MAZZONI;-23,644904;-46,593056;438226
26;AMA/UBS JOSÉ BONIFÁCIO I;-23,542839;-46,431168;437005
127;UBS FAZENDA DA JUTA II;-23,622536;-46,487678;436883
198;UBS JARDIM LUCELIA - SANDRA APARECIDA BARBOSA CORREIA LIMA;-23,762557;-46,672309;436431
185;UBS JARDIM HERCULANO;-23,692325;-46,757648;436280
19;AMA/UBS JARDIM MIRIAM - MANOEL SOARES DE OLIVEIRA;-23,678565;-46,644494;435501
149;UBS JARDIM CAIÇARA;-23,68343;-46,775536;434894
181;UBS JARDIM GUARANI;-23,462469;-46,69132;434372
424;UBS ZUMBI DOS PALMARES;-23,672071;-46,746016;434110
365;UBS VILA DALVA - ENG. GUILHERME HENRIQUE PINTO COELHO;-23,563639;-46,765086;433696
282;UBS PARAISÓPOLIS;-23,616684;-46,723311;432763
197;UBS JARDIM LOURDES;-23,660122;-46,637024;432639
351;UBS VILA ARAPUÃ - NELSON MORAES;-23,633665;-46,589026;430288
372;UBS VILA ESPANHOLA;-23,481434;-46,667834;429920
384;UBS VILA IMPERIO - DRA GILDA TERA TAHIRA;-23,67652;-46,650869;429101
327;UBS SANTO AMARO - DR. SÉRGIO VILLAÇA BRAGA;-23,647698;-46,701792;429049
357;UBS VILA CAMPESTRE;-23,660325;-46,650388;428244
390;UBS VILA LEONOR;-23,498677;-46,596791;427419
329;UBS SANTO ESTEVÃO;-23,559557;-46,460052;427092
157;UBS JARDIM COLORADO - DR. JOSÉ PIRES;-23,626491;-46,46371;427010
386;UBS VILA ITAPEMA;-23,560495;-46,51011;424947
112;UBS DR ANTONIO PIRES FERREIRA VILLALOBO;-23,54727;-46,500242;424754
74;UBS BUTANTÃ;-23,577004;-46,733989;424400
258;UBS JOSE BONIFACIO II - CELINA MARIA JOSE DE OLIVEIRA;-23,553835;-46,444665;423638
303;UBS PARQUE REGINA - PERINA ALVES TEIXEIRA;-23,634533;-46,755626;423525
90;UBS CHÁCARA SANTANA;-23,671735;-46,747032;422913
28;AMA/UBS MASSAGISTA MÁRIO AMÉRICO;-23,486697;-46,655573;422458
97;UBS CIDADE PATRIARCA - DR HERMENEGILDO MORBIN JUNIOR;-23,536174;-46,503497;422201
388;UBS VILA JACUÍ;-23,502523;-46,449848;421887
4;AMA/UBS CANGAÍBA - DR. CARLOS GENTILE DE MELLO;-23,505467;-46,520952;420453
287;UBS PARQUE ARTHUR ALVIM;-23,537762;-46,491876;419935
225;UBS JARDIM ROBRU - MESSIAS JOSE DA SILVA;-23,521252;-46,412409;419650
144;UBS JARDIM AEROPORTO - DR. MASSAKI UDIHARA;-23,63132655;-46,67007416;418424
262;UBS LARANJEIRAS;-23,703427;-46,628137;416795
143;UBS JARAGUÁ;-23,504756;-46,410341;416543
215;UBS JARDIM PANAMERICANO;-23,450666;-46,729575;416081
273;UBS MORRO DOCE;-23,438633;-46,793473;414181
65;UBS AUTÓDROMO - DR FAUZER SIMÃO ABRÃO;-23,700696;-46,69213;409987
394;UBS VILA MARIA - DR. LUIZ PAULO GNECCO;-23,499997;-46,590546;408303
373;UBS VILA ESPERANÇA - DR. CASSIO BITTENCOURT FILHO;-23,531021;-46,532094;407666
161;UBS JARDIM DA CONQUISTA I;-23,612895;-46,453102;406658
334;UBS SÃO JORGE - CIDADE ADEMAR;-23,685793;-46,661613;405757
82;UBS CASA VERDE ALTA;-23,489239;-46,664617;405240
350;UBS VILA APARECIDA;-23,690937;-46,670224;403738
168;UBS JARDIM DOS EUCALÍPTOS - HELIO MOREIRA SALLES;-23,600968;-46,507991;403237
71;UBS BRASILÂNDIA;-23,470787;-46,691981;402151
175;UBS JARDIM FANGANIELLO;-23,547184;-46,395999;402064
289;UBS PARQUE DA LAPA;-23,53198;-46,720594;400537
381;UBS VILA GUILHERMINA - DR. AMERICO RASPA NETO;-23,537738;-46,514362;400269
129;UBS GAIVOTAS;-23,732145;-46,666909;400187
231;UBS JARDIM SANTA TEREZINHA;-23,572197;-46,503408;397496
66;UBS BARRO BRANCO;-23,583786;-46,393162;397395
419;UBS VILA SANTA MARIA;-23,493186;-46,67146;397034
322;UBS RIO PEQUENO - PAULO DE BARROS FRANÇA;-23,562688;-46,751566;396989
180;UBS JARDIM GUANABARA;-23,493321;-46,700979;395926
111;UBS DONA MARIQUINHA SCIASCIA;-23,460984;-46,622647;393663
188;UBS JARDIM INDAIÁ;-23,515596;-46,397985;393013
383;UBS VILA HELOISA;-23,58975;-46,534832;393005
57;CS ESCOLA GERALDO DE PAULA SOUZA;-23,553258;-46,67348;391823
40;AMA/UBS VILA BARBOSA;-23,505328;-46,670864;391269
229;UBS JARDIM SANTA MARGARIDA;-23,678701;-46,755539;390623
415;UBS VILA ROMANA;-23,528683;-46,695299;389495
330;UBS SEM TERRA - PARQUE NAÇÕES UNIDAS;-23,440064;-46,745984;389354
164;UBS JARDIM DAMASCENO;-23,451476;-46,698773;389011
128;UBS FERROVIÁRIOS;-23,597944;-46,391658;388764
314;UBS PRO MORAR;-23,604225;-46,499356;388343
268;UBS MASCARENHAS DE MORAES;-23,616665;-46,495743;388104
205;UBS JARDIM MARINGÁ - VILA TALARICO;-23,553634;-46,515006;388054
60;UBS ALMIRANTE DELLAMARE;-23,603784;-46,596046;387048
25;AMA/UBS JARDIM TRÊS MARIAS - DR. MAURICIO ZAMIJOVSKY;-23,518476;-46,492224;387048
216;UBS JARDIM PARAGUAÇU - DR. GONÇALO FELICIANO ALVES;-23,595817;-46,500238;385314
153;UBS JARDIM CIDADE PIRITUBA;-23,477626;-46,72098;385203
358;UBS VILA CANAÃ;-23,654478;-46,664065;385100
79;UBS CARANDIRU;-23,504408;-46,610739;384124
64;UBS ANTONIO ESTEVÃO DE CARVALHO;-23,539206;-46,476252;383852
366;UBS VILA DAS BELEZAS - DR. ALBERTO AMBRÓSIO;-23,643756;-46,742868;383206
432;UPA LAPA - PROF. JOÃO CATARIN MEZOMO;-23,537596;-46,721961;382700
352;UBS VILA ARICANDUVA;-23,534831;-46,536571;381912
156;UBS JARDIM COLONIAL;-23,601905;-46,472024;381327
160;UBS JARDIM D ABRIL;-23,57601;-46,775112;377944
353;UBS VILA AURORA - DR DOMINGOS MAZZONETO DE CILO;-23,473552;-46,626143;376192
132;UBS GUAIANAZES;-23,543538;-46,409432;375185
187;UBS JARDIM ICARAÍ BRASILÂNDIA - DR DANIEL ALVES GRANGEIRO;-23,465969;-46,696403;373952
234;UBS JARDIM SECKLER;-23,619304;-46,587004;373920
140;UBS INTERATIVA;-23,446604;-46,709725;373572
178;UBS JARDIM GERMANIA;-23,654212;-46,759758;371919
88;UBS CHÁCARA INGLESA;-23,493762;-46,725229;371514
349;UBS VILA ANGLO - JOSÉ SERRA RIBEIRO;-23,531096;-46,677451;370900
68;UBS BOM RETIRO - DR. OCTAVIO AUGUSTO RODOVALHO;-23,526016;-46,641598;369847
93;UBS CIDADE JULIA;-23,691084;-46,64045;369820
166;UBS JARDIM DAS PALMAS;-23,627203;-46,746445;369262
382;"UBS VILA GUMERCINDO - PROF JANDIRA MASSUR ";-23,60232124;-46,62467437;369155
172;UBS JARDIM ELISA MARIA I;-23,456158;-46,68549;368592
99;UBS CIDADE SATELITE - SANTA BARBARA;-23,611742;-46,463679;367503
429;UPA JARDIM ELISA MARIA I;-23,456158;-46,685491;367147
211;UBS JARDIM NOVE DE JULHO;-23,592072;-46,484677;366695
194;UBS JARDIM JULIETA;-23,496276;-46,568155;366584
72;UBS BRASÍLIA - M BOI;-23,653893;-46,745095;364950
56;CS ESCOLA BARRA FUNDA - ALEXANDRE VRANJAC;-23,52116;-46,658956;362585
336;UBS SÃO REMO;-23,563643;-46,743848;362426
412;UBS VILA RAMOS - FREGUESIA DO Ó;-23,482552;-46,677918;361168
107;UBS DOM ANGELICO;-23,580445;-46,383071;357069
118;UBS DR. OSWALDO MARASCA JUNIOR;-23,570532;-46,611415;356143
30;AMA/UBS PARI;-23,525997;-46,620973;353521
139;UBS INDIANÓPOLIS - SIGMUND FREUD;-23,614212;-46,6654;352433
69;UBS BORACEA;-23,525147;-46,651443;351477
370;UBS VILA EDE;-23,490675;-46,59155;348109
89;UBS CHÁCARA SANTA MARIA;-23,700522;-46,791137;345383
91;UBS CHÁCARA SANTO ANTONIO - DR. MARCILIO DE ARRUDA PENTEADO FILHO;-23,635347;-46,699055;345208
103;UBS CONJUNTO DO IPESP;-23,465013;-46,605088;345181
252;UBS JARDIM VERA CRUZ - PERDIZES;-23,538547;-46,689125;342171
296;UBS PARQUE IMPERIAL - MANOEL ANTONIO DA SILVA SARAGOÇA;-23,628014;-46,635997;342074
86;UBS CHORA MENINO;-23,494493;-46,63771;338780
248;UBS JARDIM THOMAS;-23,673886;-46,756184;334248
422;UBS VILA TEREZINHA;-23,458762;-46,696421;331036
270;UBS MOINHO VELHO;-23,49501;-46,712601;328647
147;UBS JARDIM BANDEIRANTES;-23,542442;-46,392748;326450
235;UBS JARDIM SELMA - CIDADE ADEMAR;-23,690201;-46,657098;323930
141;UBS ITAIM PAULISTA - DR. JÚLIO DE GOUVEIA;-23,494437;-46,400525;320747
271;UBS MOINHO VELHO II;-23,612417;-46,603797;317174
243;UBS JARDIM SÃO CARLOS - CIDADE ADEMAR;-23,682114;-46,658693;315734
165;UBS JARDIM DAS LARANJEIRAS - SÃO MATEUS;-23,594763;-46,437092;313910
120;UBS DR. WALTER ELIAS - CASA VERDE BAIXA;-23,509428;-46,663986;311895
408;UBS VILA PRAIA -VITORIO ROLANDO BOCCALETTI;-23,617277;-46,745817;308258
220;UBS JARDIM POPULAR - DR. MATHEUS SANTAMARIA;-23,516832;-46,506484;307537
125;UBS ENGENHEIRO TRINDADE;-23,511038;-46,550718;303734
109;UBS DOMINGOS MANTELLI;-23,47031;-46,721269;301364
117;UBS DR. MANOEL JOAQUIM PÊRA;-23,553716;-46,691135;300101
159;UBS JARDIM COPA - MATHILDE DE AQUINO DINIZ;-23,56238;-46,457392;300043
414;UBS VILA RENATO - MARIA DAS GRAÇAS DA SILVA;-23,617572;-46,506963;299249
290;UBS PARQUE DAS FLORES;-23,640309;-46,446134;298189
369;UBS VILA DIONISIA II;-23,467752;-46,658868;296239
115;UBS DR. JOSÉ DE BARROS MAGALDI;-23,587425;-46,685298;295376
184;UBS JARDIM HELGA;-23,641306;-46,771444;291830
374;UBS VILA ESPERANÇA - DR. EMILIO SANTIAGO DE OLIVEIRA;-23,523484;-46,526283;285783
130;UBS GLEBA DO PÊSSEGO - VICENTE FIUZA DA COSTA;-23,58411;-46,448888;284019
228;UBS JARDIM ROSINHA;-23,439017;-46,802059;281849
328;UBS SANTO ELIAS;-23,495945;-46,750013;272021
272;UBS MORADA DO SOL;-23,431628;-46,781497;266557
309;UBS PASTORAL;-23,61398061;-46,51704677;265793
332;UBS SILMARYA REJANE M.DE SOUZA;-23,455186;-46,699533;263901
176;UBS JARDIM FLOR DE MAIO;-23,431138;-46,574924;261815
392;UBS VILA MANGALOT;-23,495252;-46,745278;260564
81;UBS CASA VERDE;-23,504473;-46,660066;260008
291;UBS PARQUE DO LAGO;-23,716695;-46,77759;258487
404;UBS VILA OLIMPIA - MAX PERLMAN;-23,592681;-46,671278;258075
265;UBS MAR PAULISTA;-23,696717;-46,662911;257973
48;"AMA/UBS VILA PALMEIRAS ";-23,494637;-46,685276;253325
58;"CS ESCOLA SAMUEL BARNSLEY PESSOA ";-23,568572;-46,71666;253207
61;UBS ALPES DO JARAGUÁ;-23,446884;-46,753735;251481
195;UBS JARDIM KERALUX;-23,484548;-46,498207;249321
122;UBS ELISA MARIA II - DR CAMILO CRISTOFARO MARTINS;-23,45183691;-46,67615476;249117
167;UBS JARDIM DAS PEDRAS;-23,419153;-46,590344;245969
173;UBS JARDIM EMBURA;-23,880577;-46,741822;245586
75;UBS CAJU;-23,54479;-46,753424;241846
331;UBS SHANGRILA/ELLUS;-23,766552;-46,667833;241177
102;UBS CONJUNTO AE CARVALHO;-23,526159;-46,459708;237398
145;UBS JARDIM APURÁ;-23,710727;-46,653086;236446
269;UBS MENINÓPOLIS - DR. MARIO FRANCISCO NAPOLITANO;-23,620658;-46,687915;233938
416;UBS VILA ROSCHEL;-23,841449;-46,737013;230610
283;UBS PARAISÓPOLIS II;-23,612094;-46,726194;229200
244;UBS JARDIM SÃO FRANCISCO I;-23,497664;-46,530285;224874
254;UBS JARDIM VITÓRIA;-23,5874;-46,38685;220979
439;UPA SANTO AMARO - DR JOSÉ SYLVIO DE CAMARGO;-23,65164;-46,704757;217333
385;UBS VILA IPOJUCA - WANDA COELHO DE MORAES;-23,531985;-46,701094;216172
84;UBS CAXINGUI - NANCI ABRANCHES;-23,579105;-46,714944;215484
326;UBS SANTA MADALENA;-23,615366;-46,510667;214939
196;UBS JARDIM LAPENNA;-23,487296;-46,449255;208985
278;UBS NOVA ESPERANÇA PAULISTANO II;-23,454654;-46,710765;205632
134;UBS HORTO FLORESTAL;-23,461817;-46,629735;193779
348;UBS VILA ANASTÁCIO;-23,515732;-46,722818;181390
393;UBS VILA MARCELO;-23,788066;-46,722185;180923
434;UPA PEDREIRA - DR. CESAR ANTUNES DA ROCHA;-23,695049;-46,676624;175439
237;UBS JARDIM SILVEIRA;-23,850459;-46,712957;167945
277;UBS NOVA AMÉRICA;-23,868856;-46,678047;161158
59;UBS ALCINA PIMENTEL PIZA;-23,768775;-46,649174;138556
437;UPA RIO PEQUENO;-23,576263;-46,765363;124641
85;UBS CHACARA DO SOL;-23,779913;-46,674141;123557
267;UBS MARSILAC;-23,90651;-46,70776;85184
246;UBS JARDIM SÃO NORBERTO;-23,817552;-46,705326;39414
431;UPA JARDIM PERI;-23,467309;-46,667498;4982
435;UPA PERUS - DR. LUIZ ANTONIO DE ABREU SAMPAIO DORIA;-23,400544;-46,746767;67
436;UPA PIRITUBA;-23,484607;-46,727648;60
428;UPA JABAQUARA;-23,65314619;-46,64529338;57
426;UPA CARRÃO - MASATAKA OTA;-23,550048;-46,53387825;29
443;UBS JARDIM COLOMBO;-23,601797;-46,727934;10
430;UPA JARDIM HELENA;-23,479009;-46,419588;1
444;UPA CIDADE TIRADENTES;-23,571717;-46,403307;0
